Eviction Algo,total_attempts, StrtgyTriggered,TriggeredByFailAlloc,FreeAllocAbvThrsld,FreeMemNotAlloc,all classes are evicting,Total free mem. smaller than thrshld,Final Miss Ratio,minSlabs,numFreeSlabs,maxUnAllocatedSlabs
Sieve,113,0,8,0,0,0,0,0.329661,4,4,9
Sieve,121,0,7,0,0,0,0,0.309781,1,0,1
Sieve,114,1,9,0,0,0,0,0.32966399999999996,0,1,1
Sieve,112,0,9,0,0,0,0,0.33006,4,1,1
Sieve,113,0,8,0,0,0,0,0.32965199999999995,2,1,1
Sieve,127,5,14,0,0,0,0,0.327153,0,0,1
Sieve,120,3,12,0,0,0,0,0.32698000000000005,0,0,1
Sieve,119,0,9,0,0,0,0,0.33009599999999995,1,3,1
Sieve,117,0,8,0,0,0,0,0.329666,1,1,1
Sieve,123,0,9,0,0,0,0,0.330005,4,2,1
Sieve,138,0,9,0,0,0,0,0.330118,0,2,1
Sieve,115,0,9,0,0,0,0,0.33014,3,5,8
Sieve,117,0,9,0,0,0,0,0.330067,2,3,9
Sieve,147,0,9,0,0,0,0,0.32992900000000003,0,2,9
Sieve,131,0,9,0,0,0,0,0.32991099999999995,3,4,1
Sieve,114,0,9,0,0,0,0,0.33009599999999995,5,0,9
Sieve,123,0,8,0,0,0,0,0.32966799999999996,5,2,1
Sieve,133,0,9,0,0,0,0,0.330136,4,5,1
Sieve,352,0,9,0,0,0,0,0.32999999999999996,3,2,1
Sieve,148,0,9,0,0,0,0,0.33010700000000004,4,0,1
Sieve,118,0,8,0,0,0,0,0.329661,1,4,1
Sieve,475,0,8,0,0,0,0,0.329928,3,4,1
Sieve,132,1,9,0,0,0,0,0.32965900000000004,0,1,1
Sieve,114,0,8,0,0,0,0,0.32964499999999997,2,5,9
Sieve,399,0,9,0,0,0,0,0.330028,2,4,9
Sieve,128,0,9,0,0,0,0,0.330029,3,1,1
Sieve,112,0,9,0,0,0,0,0.33001,2,1,1
Sieve,121,0,9,0,0,0,0,0.33001800000000003,1,3,9
Sieve,588,11,19,0,0,0,0,0.345985,0,0,1
Sieve,126,0,8,0,0,0,0,0.32964800000000005,1,5,1
Sieve,130,0,9,0,0,0,0,0.330002,2,2,1
Sieve,117,0,8,0,0,0,0,0.329669,2,1,1
Sieve,114,0,9,0,0,0,0,0.33001800000000003,3,2,1
Sieve,116,0,9,0,0,0,0,0.33013000000000003,0,3,1
Sieve,122,0,9,0,0,0,0,0.330128,5,0,8
Sieve,454,0,7,0,0,0,0,0.30976899999999996,5,4,9
Sieve,115,0,8,0,0,0,0,0.329673,1,1,1
Sieve,122,0,8,0,0,0,0,0.32966700000000004,1,4,9
Sieve,114,0,8,0,0,0,0,0.32965500000000003,0,1,9
Sieve,115,0,9,0,0,0,0,0.330082,2,0,8
Sieve,115,1,9,0,0,0,0,0.32955199999999996,1,1,9
Sieve,291,0,9,0,0,0,0,0.33012300000000006,2,0,1
Sieve,340,0,7,0,0,0,0,0.309798,1,1,8
Sieve,116,0,9,0,0,0,0,0.330114,3,1,1
Sieve,109,0,8,0,0,0,0,0.32965,5,1,1
Sieve,120,0,9,0,0,0,0,0.330105,4,3,1
Sieve,114,0,9,0,0,0,0,0.33018400000000003,3,4,9
Sieve,126,0,9,0,0,0,0,0.330125,4,4,8
Sieve,129,0,8,0,0,0,0,0.32964899999999997,4,2,1
Sieve,113,0,8,0,0,0,0,0.32967199999999997,5,4,1
Sieve,426,0,8,0,0,0,0,0.32990600000000003,4,4,1
Sieve,113,1,9,0,0,0,0,0.30645500000000003,0,1,1
Sieve,119,0,8,0,0,0,0,0.32965500000000003,4,5,8
Sieve,113,0,8,0,0,0,0,0.329681,0,1,8
Sieve,119,0,9,0,0,0,0,0.330137,5,0,1
Sieve,146,0,8,0,0,0,0,0.329913,2,2,1
Sieve,120,0,9,0,0,0,0,0.33013899999999996,2,4,1
Sieve,137,0,9,0,0,0,0,0.33001800000000003,1,5,9
Sieve,125,0,9,0,0,0,0,0.33001899999999995,2,4,1
Sieve,112,0,9,0,0,0,0,0.33006800000000003,3,4,8
Sieve,576,0,9,0,0,0,0,0.33013499999999996,0,5,1
Sieve,118,0,9,0,0,0,0,0.330051,2,2,9
Sieve,135,1,9,0,0,0,0,0.326407,1,1,1
Sieve,429,0,7,0,0,0,0,0.309771,5,1,8
Sieve,109,3,11,0,0,0,0,0.31035900000000005,0,0,8
Sieve,111,0,8,0,0,0,0,0.329665,4,3,1
Sieve,115,0,8,0,0,0,0,0.32966799999999996,5,5,1
Sieve,115,3,12,0,0,0,0,0.32555900000000004,0,0,9
Sieve,121,0,9,0,0,0,0,0.33018099999999995,1,2,8
Sieve,114,0,8,0,0,0,0,0.329654,1,4,1
Sieve,106,0,7,0,0,0,0,0.30976899999999996,0,3,1
Sieve,120,0,9,0,0,0,0,0.33011100000000004,4,3,1
Sieve,129,0,9,0,0,0,0,0.329894,3,3,1
Sieve,120,0,9,0,0,0,0,0.330074,5,0,1
Sieve,400,0,9,0,0,0,0,0.33000700000000005,3,1,1
Sieve,118,0,8,0,0,0,0,0.32964400000000005,4,0,1
Sieve,116,1,9,0,0,0,0,0.32965,1,0,1
Sieve,116,0,9,0,0,0,0,0.33002,2,1,1
Sieve,115,0,9,0,0,0,0,0.33004500000000003,4,4,1
Sieve,355,0,9,0,0,0,0,0.330052,3,0,8
Sieve,131,0,9,0,0,0,0,0.330074,3,3,1
Sieve,117,0,8,0,0,0,0,0.329666,4,0,1
Sieve,116,0,9,0,0,0,0,0.33011599999999997,3,5,1
Sieve,108,0,7,0,0,0,0,0.309771,3,3,1
Sieve,114,0,8,0,0,0,0,0.32967100000000005,2,0,9
Sieve,124,0,8,0,0,0,0,0.32967,0,4,1
Sieve,126,0,9,0,0,0,0,0.33008800000000005,3,0,1
Sieve,185,0,8,0,0,0,0,0.32967199999999997,3,5,1
Sieve,113,0,9,0,0,0,0,0.330016,4,0,8
Sieve,122,0,9,0,0,0,0,0.33011999999999997,4,2,1
Sieve,118,0,8,0,0,0,0,0.329653,4,1,1
Sieve,116,0,7,0,0,0,0,0.309762,4,4,1
Sieve,117,0,8,0,0,0,0,0.329665,0,4,1
Sieve,123,0,9,0,0,0,0,0.33001899999999995,0,4,1
Sieve,123,0,9,0,0,0,0,0.329925,5,2,1
Sieve,116,0,9,0,0,0,0,0.33018000000000003,2,3,1
Sieve,158,0,9,0,0,0,0,0.329983,3,5,1
Sieve,124,0,9,0,0,0,0,0.330148,3,1,8
Sieve,184,0,8,0,0,0,0,0.329893,4,4,1
Sieve,114,0,8,0,0,0,0,0.329653,1,5,1
Sieve,189,0,7,0,0,0,0,0.30978799999999995,4,5,1
Sieve,162,0,9,0,0,0,0,0.33012600000000003,1,5,8
Sieve,115,0,8,0,0,0,0,0.32968299999999995,2,4,1
Sieve,440,0,7,0,0,0,0,0.30976800000000004,0,1,1
Sieve,185,0,8,0,0,0,0,0.32989999999999997,5,4,1
Sieve,189,0,9,0,0,0,0,0.33000700000000005,0,2,1
Sieve,182,0,9,0,0,0,0,0.33002200000000004,5,2,1
Sieve,248,0,9,0,0,0,0,0.33002299999999996,4,2,1
Sieve,128,0,9,0,0,0,0,0.33020000000000005,4,4,1
Sieve,114,0,8,0,0,0,0,0.329658,5,5,1
Sieve,186,0,9,0,0,0,0,0.330006,5,1,9
Sieve,198,0,7,0,0,0,0,0.309766,2,0,1
Sieve,205,0,9,0,0,0,0,0.329913,4,3,1
Sieve,175,0,7,0,0,0,0,0.30978000000000006,0,5,1
Sieve,283,0,7,0,0,0,0,0.30977600000000005,2,2,1
Sieve,178,0,7,0,0,0,0,0.30977699999999997,3,3,9
Sieve,180,0,9,0,0,0,0,0.330082,5,1,1
Sieve,180,0,8,0,0,0,0,0.32990699999999995,5,3,9
Sieve,289,0,7,0,0,0,0,0.309771,4,2,1
Sieve,191,0,7,0,0,0,0,0.309786,3,4,1
Sieve,180,0,7,0,0,0,0,0.309786,1,3,1
Sieve,188,0,9,0,0,0,0,0.33002,0,3,8
Sieve,180,0,8,0,0,0,0,0.329894,0,5,1
Sieve,127,1,9,0,0,0,0,0.32893300000000003,0,1,1
Sieve,170,0,7,0,0,0,0,0.30978700000000003,5,2,1
Sieve,201,0,8,0,0,0,0,0.32991099999999995,2,4,1
Sieve,185,0,7,0,0,0,0,0.309775,3,5,1
Sieve,181,0,8,0,0,0,0,0.32991000000000004,2,0,1
Sieve,179,0,8,0,0,0,0,0.32990200000000003,1,2,1
Sieve,284,0,9,0,0,0,0,0.330037,0,3,1
Sieve,121,0,9,0,0,0,0,0.33011900000000005,5,5,1
Sieve,286,0,8,0,0,0,0,0.32990600000000003,2,5,1
Sieve,181,0,8,0,0,0,0,0.32990200000000003,3,2,1
Sieve,483,0,8,0,0,0,0,0.329893,1,5,1
Sieve,204,0,9,0,0,0,0,0.329897,2,2,1
Sieve,182,0,7,0,0,0,0,0.30977299999999997,2,3,1
Sieve,183,0,8,0,0,0,0,0.329913,3,2,9
Sieve,269,0,9,0,0,0,0,0.33006199999999997,1,5,1
Sieve,177,0,8,0,0,0,0,0.32964400000000005,3,0,1
Sieve,194,3,10,0,0,0,0,0.325276,0,0,1
Sieve,185,0,9,0,0,0,0,0.33012600000000003,4,5,9
Sieve,190,6,13,0,0,0,0,0.30622499999999997,0,0,1
Sieve,184,0,9,0,0,0,0,0.33001800000000003,3,0,1
Sieve,182,0,7,0,0,0,0,0.309766,3,3,1
Sieve,180,0,9,0,0,0,0,0.330029,0,4,1
Sieve,193,0,8,0,0,0,0,0.329908,3,2,1
Sieve,451,0,8,0,0,0,0,0.329905,2,0,1
Sieve,186,0,8,0,0,0,0,0.32965500000000003,1,2,1
Sieve,180,0,8,0,0,0,0,0.329904,1,2,1
Sieve,292,0,9,0,0,0,0,0.33002699999999996,0,2,1
Sieve,177,0,7,0,0,0,0,0.309767,2,5,1
Sieve,191,0,7,0,0,0,0,0.309766,5,3,8
Sieve,177,0,7,0,0,0,0,0.309771,1,5,1
Sieve,218,0,8,0,0,0,0,0.32994,2,2,1
Sieve,185,0,9,0,0,0,0,0.33011100000000004,4,2,8
Sieve,186,0,7,0,0,0,0,0.309771,5,1,1
Sieve,171,0,7,0,0,0,0,0.30977299999999997,5,1,1
Sieve,175,0,7,0,0,0,0,0.30976800000000004,5,0,1
Sieve,190,0,7,0,0,0,0,0.309802,2,3,1
Sieve,190,0,9,0,0,0,0,0.329905,5,5,1
Sieve,179,0,7,0,0,0,0,0.30977,5,4,8
Sieve,182,0,8,0,0,0,0,0.329665,4,5,1
Sieve,179,0,8,0,0,0,0,0.329905,1,4,1
Sieve,179,0,9,0,0,0,0,0.330006,5,2,9
Sieve,182,0,9,0,0,0,0,0.330032,1,3,8
Sieve,291,0,7,0,0,0,0,0.30978399999999995,4,0,1
Sieve,175,0,7,0,0,0,0,0.30978000000000006,5,4,1
Sieve,199,0,9,0,0,0,0,0.329958,0,5,1
Sieve,191,0,7,0,0,0,0,0.30979100000000004,4,3,1
Sieve,198,0,8,0,0,0,0,0.329678,4,5,1
Sieve,189,0,8,0,0,0,0,0.329908,3,0,1
Sieve,212,1,9,0,0,0,0,0.30644499999999997,1,1,1
Sieve,187,0,8,0,0,0,0,0.32991099999999995,0,4,1
Sieve,212,0,8,0,0,0,0,0.32989100000000005,2,4,1
Sieve,184,0,9,0,0,0,0,0.33002,3,5,9
Sieve,174,0,7,0,0,0,0,0.30978700000000003,5,5,9
Sieve,172,0,9,0,0,0,0,0.33001899999999995,1,2,1
Sieve,202,0,8,0,0,0,0,0.329894,3,1,9
Sieve,196,0,7,0,0,0,0,0.309781,4,4,1
Sieve,178,0,7,0,0,0,0,0.30977200000000005,5,0,1
Sieve,464,0,8,0,0,0,0,0.32992699999999997,0,2,1
Sieve,178,0,7,0,0,0,0,0.309779,1,3,1
Sieve,177,0,7,0,0,0,0,0.309766,1,5,1
Sieve,179,0,7,0,0,0,0,0.30976899999999996,4,5,1
Sieve,173,0,8,0,0,0,0,0.329912,3,5,1
Sieve,183,0,7,0,0,0,0,0.309786,2,4,1
Sieve,186,0,9,0,0,0,0,0.329931,5,0,1
Sieve,184,0,7,0,0,0,0,0.30979,1,2,9
Sieve,172,0,7,0,0,0,0,0.309781,3,3,8
Sieve,266,0,7,0,0,0,0,0.30979999999999996,1,2,1
Sieve,175,0,8,0,0,0,0,0.32990200000000003,4,1,9
Sieve,219,0,9,0,0,0,0,0.330005,2,0,1
Sieve,286,0,7,0,0,0,0,0.30976800000000004,0,3,1
Sieve,178,0,7,0,0,0,0,0.30976800000000004,4,2,1
Sieve,177,0,7,0,0,0,0,0.309766,5,3,1
Sieve,571,0,7,0,0,0,0,0.309794,5,1,1
Sieve,195,0,7,0,0,0,0,0.30977,2,1,9
Sieve,191,0,7,0,0,0,0,0.30976499999999996,0,5,1
Sieve,201,0,9,0,0,0,0,0.32992999999999995,4,0,1
Sieve,215,0,9,0,0,0,0,0.33001899999999995,5,4,1
Sieve,172,0,7,0,0,0,0,0.309778,3,0,1
Sieve,210,0,8,0,0,0,0,0.32990200000000003,4,0,1
Sieve,214,0,9,0,0,0,0,0.329908,2,5,1
Sieve,183,0,9,0,0,0,0,0.33002200000000004,2,4,8
Sieve,188,0,7,0,0,0,0,0.309779,4,1,1
Sieve,165,0,9,0,0,0,0,0.330017,3,2,8
Sieve,168,0,7,0,0,0,0,0.30977699999999997,2,3,8
Sieve,181,0,9,0,0,0,0,0.32992,5,5,1
Sieve,173,0,7,0,0,0,0,0.30979900000000005,1,4,1
Sieve,292,0,7,0,0,0,0,0.309771,4,2,9
Sieve,183,0,7,0,0,0,0,0.309786,1,4,8
Sieve,180,0,7,0,0,0,0,0.309766,2,5,8
Sieve,602,0,8,0,0,0,0,0.329917,2,2,1
Sieve,164,0,8,0,0,0,0,0.32967500000000005,1,0,1
Sieve,273,0,7,0,0,0,0,0.30978399999999995,1,4,1
Sieve,177,0,7,0,0,0,0,0.30977,3,0,9
Sieve,180,0,7,0,0,0,0,0.30977299999999997,2,1,1
Sieve,189,0,9,0,0,0,0,0.33014200000000005,5,3,1
Sieve,212,0,9,0,0,0,0,0.33000700000000005,2,2,8
Sieve,186,0,9,0,0,0,0,0.33001899999999995,5,3,1
Sieve,179,0,9,0,0,0,0,0.329904,5,4,1
Sieve,255,0,7,0,0,0,0,0.30976800000000004,5,5,1
Sieve,189,0,9,0,0,0,0,0.32991000000000004,2,5,1
Sieve,190,0,7,0,0,0,0,0.30977299999999997,0,1,1
Sieve,454,0,7,0,0,0,0,0.309802,3,2,1
Sieve,192,0,7,0,0,0,0,0.30976899999999996,0,2,8
Sieve,199,1,9,0,0,0,0,0.329669,1,0,1
Sieve,185,0,7,0,0,0,0,0.30977,0,5,9
Sieve,181,0,7,0,0,0,0,0.30977699999999997,5,2,1
Sieve,179,0,7,0,0,0,0,0.30978700000000003,3,1,1
Sieve,178,1,9,0,0,0,0,0.30644099999999996,1,0,1
Sieve,184,0,8,0,0,0,0,0.32992299999999997,5,5,8
Sieve,181,0,7,0,0,0,0,0.30978700000000003,1,0,9
Sieve,182,0,9,0,0,0,0,0.330024,1,3,1
Sieve,183,0,9,0,0,0,0,0.33005399999999996,5,4,1
Sieve,181,0,7,0,0,0,0,0.30977,2,5,1
Sieve,189,0,8,0,0,0,0,0.329651,5,3,1
Sieve,189,1,9,0,0,0,0,0.30642800000000003,1,0,1
Sieve,186,0,9,0,0,0,0,0.33002,3,4,1
Sieve,289,0,7,0,0,0,0,0.309786,1,0,8
Sieve,188,0,9,0,0,0,0,0.330097,2,3,1
Sieve,177,0,9,0,0,0,0,0.33000399999999996,4,1,1
Sieve,297,0,7,0,0,0,0,0.30977,5,0,1
Sieve,191,0,9,0,0,0,0,0.33011100000000004,3,3,1
Sieve,184,0,9,0,0,0,0,0.32990200000000003,2,5,1
Sieve,182,0,9,0,0,0,0,0.330017,1,2,1
Sieve,270,0,7,0,0,0,0,0.30978000000000006,3,5,1
Sieve,179,0,7,0,0,0,0,0.30977299999999997,4,1,8
Sieve,187,1,9,0,0,0,0,0.30645599999999995,1,1,1
Sieve,462,0,8,0,0,0,0,0.32991099999999995,0,5,1
Sieve,185,0,7,0,0,0,0,0.30977,1,3,1
Sieve,180,0,7,0,0,0,0,0.309778,5,3,1
Sieve,184,0,7,0,0,0,0,0.30977299999999997,4,3,9
Sieve,181,1,8,0,0,0,0,0.30982699999999996,1,1,1
Sieve,282,0,7,0,0,0,0,0.30976800000000004,0,4,1
Sieve,178,0,7,0,0,0,0,0.309771,5,2,1
Sieve,185,0,9,0,0,0,0,0.33009,5,1,1
Sieve,187,0,8,0,0,0,0,0.32991099999999995,0,3,9
Sieve,173,0,7,0,0,0,0,0.309785,1,3,1
Sieve,173,0,7,0,0,0,0,0.309779,3,1,1
Sieve,184,0,9,0,0,0,0,0.330113,3,3,1
Sieve,177,0,7,0,0,0,0,0.309785,4,3,1
Sieve,163,0,7,0,0,0,0,0.309775,3,1,1
Sieve,188,0,9,0,0,0,0,0.33002600000000004,3,0,1
Sieve,169,0,7,0,0,0,0,0.30977699999999997,5,2,8
Sieve,186,0,7,0,0,0,0,0.309785,0,2,1
Sieve,200,0,7,0,0,0,0,0.30976800000000004,0,3,1
Sieve,181,0,7,0,0,0,0,0.30978700000000003,0,4,9
Sieve,223,0,9,0,0,0,0,0.330125,0,3,1
Sieve,189,3,10,0,0,0,0,0.32420499999999997,0,0,1
Sieve,177,0,7,0,0,0,0,0.309779,2,0,1
Sieve,186,0,9,0,0,0,0,0.33001899999999995,4,5,1
Sieve,192,0,7,0,0,0,0,0.309786,3,4,1
Sieve,184,0,8,0,0,0,0,0.32966300000000004,3,2,1
Sieve,292,0,9,0,0,0,0,0.330006,4,3,8
Sieve,289,0,8,0,0,0,0,0.329647,4,1,1
Sieve,184,0,7,0,0,0,0,0.30977299999999997,4,0,9
Sieve,180,0,7,0,0,0,0,0.309767,0,2,1
Sieve,181,0,9,0,0,0,0,0.330021,3,4,1
Sieve,174,0,7,0,0,0,0,0.30977699999999997,1,4,1
Sieve,182,0,7,0,0,0,0,0.30978700000000003,5,3,1
Sieve,198,0,9,0,0,0,0,0.33002299999999996,0,4,8
Sieve,182,0,9,0,0,0,0,0.32991000000000004,0,5,8
Sieve,302,0,9,0,0,0,0,0.330117,2,1,8
Sieve,183,0,8,0,0,0,0,0.329894,2,3,1
Sieve,181,0,7,0,0,0,0,0.309771,2,1,1
Sieve,185,0,7,0,0,0,0,0.30977200000000005,4,1,1
Sieve,189,0,9,0,0,0,0,0.33000700000000005,2,3,1
Lru,251,0,8,0,0,0,0,0.337299,2,4,1
Lru,131,0,9,0,0,0,0,0.33748500000000003,2,2,1
Lru,128,0,9,0,0,0,0,0.337487,2,5,1
Lru,131,0,9,0,0,0,0,0.337488,3,5,1
Lru,176,0,9,0,0,0,0,0.33748500000000003,3,4,1
Lru,119,0,8,0,0,0,0,0.33691000000000004,4,3,1
Lru,113,0,9,0,0,0,0,0.337487,3,0,9
Lru,129,0,9,0,0,0,0,0.337487,0,3,1
Lru,121,0,8,0,0,0,0,0.33691000000000004,0,2,1
Lru,125,5,13,0,0,0,0,0.32990299999999995,0,0,1
Lru,160,0,9,0,0,0,0,0.337484,2,3,1
Lru,121,0,8,0,0,0,0,0.33691000000000004,4,5,1
Lru,116,0,8,0,0,0,0,0.33691000000000004,1,4,9
Lru,117,0,8,0,0,0,0,0.33691000000000004,1,2,1
Lru,137,0,9,0,0,0,0,0.337484,5,5,8
Lru,122,0,9,0,0,0,0,0.337487,4,1,1
Lru,125,0,8,0,0,0,0,0.336908,4,2,1
Lru,491,0,8,0,0,0,0,0.337299,3,2,1
Lru,132,0,9,0,0,0,0,0.337487,5,0,1
Lru,121,0,8,0,0,0,0,0.33691000000000004,1,5,1
Lru,285,0,9,0,0,0,0,0.33748500000000003,2,0,1
Lru,287,0,9,0,0,0,0,0.337487,1,5,1
Lru,135,0,8,0,0,0,0,0.336908,2,1,1
Lru,623,0,9,0,0,0,0,0.337487,2,0,9
Lru,448,0,8,0,0,0,0,0.337298,3,1,8
Lru,115,0,8,0,0,0,0,0.336909,3,2,8
Lru,120,0,9,0,0,0,0,0.337487,4,0,9
Lru,131,1,9,0,0,0,0,0.33691800000000005,1,1,1
Lru,130,0,9,0,0,0,0,0.337484,3,1,1
Lru,117,0,8,0,0,0,0,0.336909,5,3,8
Lru,115,0,9,0,0,0,0,0.33748599999999995,5,2,1
Lru,119,0,8,0,0,0,0,0.33691000000000004,5,0,8
Lru,177,1,9,0,0,0,0,0.33669499999999997,1,1,1
Lru,116,0,8,0,0,0,0,0.336909,1,0,1
Lru,118,0,9,0,0,0,0,0.337487,2,2,8
Lru,118,0,9,0,0,0,0,0.33748599999999995,0,5,1
Lru,605,0,9,0,0,0,0,0.337487,5,4,1
Lru,117,0,8,0,0,0,0,0.33691000000000004,5,1,1
Lru,121,0,9,0,0,0,0,0.33748599999999995,2,2,1
Lru,128,0,9,0,0,0,0,0.33748599999999995,0,4,9
Lru,126,0,8,0,0,0,0,0.33691000000000004,4,2,1
Lru,117,0,9,0,0,0,0,0.33752499999999996,2,5,1
Lru,116,0,8,0,0,0,0,0.33691000000000004,1,1,1
Lru,130,0,9,0,0,0,0,0.337487,0,4,1
Lru,115,0,8,0,0,0,0,0.33691000000000004,3,2,1
Lru,119,0,9,0,0,0,0,0.33748599999999995,2,3,1
Lru,457,0,7,0,0,0,0,0.316871,3,5,1
Lru,117,0,8,0,0,0,0,0.336909,1,3,1
Lru,339,0,8,0,0,0,0,0.336909,0,4,1
Lru,352,0,9,0,0,0,0,0.337488,4,0,1
Lru,123,0,9,0,0,0,0,0.33748599999999995,5,1,1
Lru,115,0,8,0,0,0,0,0.336909,1,0,1
Lru,117,0,9,0,0,0,0,0.337484,5,3,1
Lru,136,0,9,0,0,0,0,0.337488,5,3,1
Lru,112,0,7,0,0,0,0,0.316871,0,4,1
Lru,436,0,7,0,0,0,0,0.316871,5,5,1
Lru,117,1,9,0,0,0,0,0.31221299999999996,1,1,1
Lru,123,0,9,0,0,0,0,0.33748599999999995,3,1,1
Lru,131,0,9,0,0,0,0,0.337488,4,5,1
Lru,148,0,9,0,0,0,0,0.337488,2,3,9
Lru,453,0,7,0,0,0,0,0.316871,1,0,1
Lru,123,0,9,0,0,0,0,0.33748599999999995,2,0,1
Lru,123,0,9,0,0,0,0,0.33748599999999995,4,4,1
Lru,113,0,7,0,0,0,0,0.316871,2,0,1
Lru,113,0,7,0,0,0,0,0.316871,3,1,1
Lru,131,0,8,0,0,0,0,0.336909,3,5,8
Lru,115,0,8,0,0,0,0,0.336909,1,4,1
Lru,120,0,9,0,0,0,0,0.337487,4,3,1
Lru,117,0,8,0,0,0,0,0.33691000000000004,2,2,1
Lru,120,0,9,0,0,0,0,0.33748599999999995,5,2,1
Lru,117,0,9,0,0,0,0,0.33748599999999995,5,5,1
Lru,118,0,8,0,0,0,0,0.33691000000000004,5,0,1
Lru,116,0,8,0,0,0,0,0.336909,2,4,1
Lru,122,0,8,0,0,0,0,0.33691000000000004,5,3,9
Lru,122,0,9,0,0,0,0,0.33748599999999995,5,1,1
Lru,114,0,8,0,0,0,0,0.336909,3,3,1
Lru,276,0,8,0,0,0,0,0.336908,1,3,9
Lru,129,0,9,0,0,0,0,0.337488,0,4,1
Lru,200,0,9,0,0,0,0,0.33748599999999995,4,2,9
Lru,118,0,9,0,0,0,0,0.337487,4,2,8
Lru,116,0,9,0,0,0,0,0.337488,3,4,9
Lru,345,0,7,0,0,0,0,0.31687200000000004,2,3,1
Lru,122,0,9,0,0,0,0,0.337488,5,3,1
Lru,126,0,8,0,0,0,0,0.33691000000000004,2,2,9
Lru,125,0,9,0,0,0,0,0.337488,3,3,1
Lru,130,0,9,0,0,0,0,0.337487,3,1,9
Lru,116,0,8,0,0,0,0,0.33691000000000004,4,2,1
Lru,117,0,9,0,0,0,0,0.33748500000000003,5,1,1
Lru,115,0,9,0,0,0,0,0.337488,5,0,1
Lru,338,0,7,0,0,0,0,0.316871,4,0,1
Lru,115,0,9,0,0,0,0,0.33748500000000003,1,2,1
Lru,116,0,9,0,0,0,0,0.337484,1,2,1
Lru,125,0,9,0,0,0,0,0.33748500000000003,3,3,1
Lru,277,0,9,0,0,0,0,0.33748599999999995,5,4,1
Lru,364,0,9,0,0,0,0,0.337487,3,3,1
Lru,118,0,9,0,0,0,0,0.33748599999999995,0,5,1
Lru,131,0,9,0,0,0,0,0.33748599999999995,5,5,1
Lru,115,0,9,0,0,0,0,0.33748599999999995,3,4,1
Lru,118,0,8,0,0,0,0,0.336908,3,4,1
Lru,154,1,9,0,0,0,0,0.33387,1,1,1
Lru,132,0,9,0,0,0,0,0.337487,2,1,1
Lru,120,0,8,0,0,0,0,0.33691000000000004,1,5,1
Lru,122,0,8,0,0,0,0,0.33691000000000004,3,5,1
Lru,111,0,7,0,0,0,0,0.316871,2,1,1
Lru,151,5,13,0,0,0,0,0.309076,0,0,1
Lru,479,1,8,0,0,0,0,0.31662199999999996,0,1,1
Lru,124,0,8,0,0,0,0,0.336909,2,1,1
Lru,114,0,9,0,0,0,0,0.33748500000000003,4,5,9
Lru,114,0,9,0,0,0,0,0.33748599999999995,4,4,1
Lru,114,0,8,0,0,0,0,0.33691000000000004,2,2,1
Lru,121,0,9,0,0,0,0,0.33748599999999995,4,3,1
Lru,120,0,9,0,0,0,0,0.337488,5,5,1
Lru,124,0,9,0,0,0,0,0.337487,3,0,1
Lru,121,0,9,0,0,0,0,0.33748599999999995,5,0,9
Lru,133,0,9,0,0,0,0,0.33748500000000003,2,4,9
Lru,118,0,8,0,0,0,0,0.336908,4,3,8
Lru,196,0,7,0,0,0,0,0.316871,0,2,9
Lru,115,0,9,0,0,0,0,0.337488,5,1,8
Lru,117,0,7,0,0,0,0,0.31687200000000004,1,5,9
Lru,115,0,8,0,0,0,0,0.336909,4,4,9
Lru,201,0,9,0,0,0,0,0.337487,0,3,8
Lru,116,1,9,0,0,0,0,0.33387100000000003,1,0,9
Lru,306,0,9,0,0,0,0,0.33748500000000003,2,3,1
Lru,185,0,8,0,0,0,0,0.336909,0,2,1
Lru,179,0,7,0,0,0,0,0.31687200000000004,5,2,1
Lru,285,0,7,0,0,0,0,0.31687200000000004,2,3,1
Lru,127,0,9,0,0,0,0,0.33748599999999995,2,5,1
Lru,183,0,7,0,0,0,0,0.316871,4,5,1
Lru,202,0,9,0,0,0,0,0.33748599999999995,4,1,9
Lru,188,0,8,0,0,0,0,0.336909,0,3,1
Lru,188,0,7,0,0,0,0,0.316871,0,2,8
Lru,371,0,9,0,0,0,0,0.337487,3,0,1
Lru,184,0,7,0,0,0,0,0.316871,1,2,1
Lru,431,0,9,0,0,0,0,0.33748599999999995,2,5,1
Lru,195,0,7,0,0,0,0,0.316871,3,5,1
Lru,160,1,9,0,0,0,0,0.33669499999999997,1,1,9
Lru,178,0,8,0,0,0,0,0.33729699999999996,2,2,1
Lru,183,0,7,0,0,0,0,0.31687200000000004,1,3,1
Lru,367,0,9,0,0,0,0,0.33748599999999995,0,3,1
Lru,202,0,9,0,0,0,0,0.33748599999999995,1,2,9
Lru,206,0,8,0,0,0,0,0.33730000000000004,5,1,9
Lru,350,0,8,0,0,0,0,0.337299,3,1,1
Lru,207,1,9,0,0,0,0,0.31221600000000005,1,0,1
Lru,186,0,7,0,0,0,0,0.31687200000000004,0,2,1
Lru,198,0,8,0,0,0,0,0.337298,3,4,1
Lru,197,0,9,0,0,0,0,0.33748599999999995,1,5,8
Lru,185,0,9,0,0,0,0,0.337487,5,3,1
Lru,190,0,7,0,0,0,0,0.316871,0,2,1
Lru,182,0,7,0,0,0,0,0.316871,4,4,1
Lru,184,0,7,0,0,0,0,0.316871,1,2,8
Lru,187,0,9,0,0,0,0,0.337487,1,3,1
Lru,185,0,9,0,0,0,0,0.337484,3,0,1
Lru,190,0,7,0,0,0,0,0.316871,4,5,1
Lru,347,0,7,0,0,0,0,0.31687200000000004,5,5,1
Lru,188,0,7,0,0,0,0,0.31687200000000004,4,2,1
Lru,194,0,9,0,0,0,0,0.337487,1,2,1
Lru,178,0,7,0,0,0,0,0.316871,4,0,1
Lru,198,0,7,0,0,0,0,0.31687200000000004,4,2,1
Lru,189,0,9,0,0,0,0,0.33748599999999995,4,4,8
Lru,207,0,8,0,0,0,0,0.33730000000000004,1,4,1
Lru,185,0,7,0,0,0,0,0.31687200000000004,5,0,1
Lru,185,0,7,0,0,0,0,0.31687200000000004,4,1,1
Lru,203,0,9,0,0,0,0,0.337484,2,4,1
Lru,183,0,7,0,0,0,0,0.316871,5,2,1
Lru,192,0,8,0,0,0,0,0.33691000000000004,2,3,1
Lru,197,0,7,0,0,0,0,0.31687200000000004,5,4,1
Lru,187,0,8,0,0,0,0,0.33730099999999996,1,3,1
Lru,191,0,7,0,0,0,0,0.316871,2,4,1
Lru,373,0,7,0,0,0,0,0.31687200000000004,3,2,9
Lru,218,0,9,0,0,0,0,0.33748500000000003,4,1,1
Lru,194,0,9,0,0,0,0,0.337487,2,4,8
Lru,195,0,7,0,0,0,0,0.31687200000000004,1,3,1
Lru,190,0,7,0,0,0,0,0.31687200000000004,0,3,1
Lru,190,0,9,0,0,0,0,0.337487,1,4,1
Lru,297,0,9,0,0,0,0,0.33748599999999995,0,5,9
Lru,180,0,9,0,0,0,0,0.33748599999999995,2,5,1
Lru,184,0,7,0,0,0,0,0.31687200000000004,3,3,9
Lru,232,0,7,0,0,0,0,0.316871,3,4,1
Lru,346,0,9,0,0,0,0,0.33748599999999995,3,1,1
Lru,193,0,7,0,0,0,0,0.31687200000000004,0,5,1
Lru,191,0,9,0,0,0,0,0.337487,3,2,1
Lru,191,0,9,0,0,0,0,0.337488,3,3,8
Lru,578,0,7,0,0,0,0,0.31687200000000004,4,1,1
Lru,203,0,8,0,0,0,0,0.337299,3,4,8
Lru,214,0,8,0,0,0,0,0.337298,2,5,9
Lru,215,0,7,0,0,0,0,0.31687200000000004,2,2,1
Lru,184,0,7,0,0,0,0,0.31687200000000004,3,0,8
Lru,186,0,9,0,0,0,0,0.33748500000000003,3,0,1
Lru,189,0,9,0,0,0,0,0.337487,5,0,1
Lru,183,0,7,0,0,0,0,0.31687200000000004,5,2,1
Lru,187,0,7,0,0,0,0,0.316871,1,1,8
Lru,198,0,7,0,0,0,0,0.316871,1,5,1
Lru,191,0,9,0,0,0,0,0.337487,2,4,1
Lru,190,0,9,0,0,0,0,0.337484,0,4,1
Lru,183,1,8,0,0,0,0,0.33610799999999996,0,1,1
Lru,205,0,9,0,0,0,0,0.337484,5,4,1
Lru,186,0,8,0,0,0,0,0.337299,1,3,8
Lru,193,0,7,0,0,0,0,0.316871,3,5,1
Lru,194,0,7,0,0,0,0,0.316871,4,3,9
Lru,218,0,9,0,0,0,0,0.33748599999999995,4,0,1
Lru,191,0,7,0,0,0,0,0.31687200000000004,1,4,1
Lru,179,0,7,0,0,0,0,0.31687200000000004,3,0,1
Lru,189,0,7,0,0,0,0,0.316871,0,5,1
Lru,198,0,9,0,0,0,0,0.33748599999999995,3,5,9
Lru,181,0,7,0,0,0,0,0.31687200000000004,0,1,1
Lru,212,0,9,0,0,0,0,0.33748500000000003,4,2,1
Lru,183,0,7,0,0,0,0,0.316871,5,4,9
Lru,196,0,9,0,0,0,0,0.337487,0,5,8
Lru,200,0,7,0,0,0,0,0.316871,1,0,1
Lru,192,0,7,0,0,0,0,0.31687200000000004,3,1,1
Lru,210,0,7,0,0,0,0,0.316871,1,0,8
Lru,214,0,7,0,0,0,0,0.316871,3,2,1
Lru,186,0,9,0,0,0,0,0.33748599999999995,2,1,1
Lru,182,0,7,0,0,0,0,0.316871,5,2,9
Lru,184,1,9,0,0,0,0,0.33692500000000003,0,1,1
Lru,209,0,8,0,0,0,0,0.33729699999999996,0,3,1
Lru,194,0,8,0,0,0,0,0.336912,5,3,1
Lru,180,0,7,0,0,0,0,0.316871,4,3,1
Lru,183,0,8,0,0,0,0,0.337298,5,5,1
Lru,197,0,7,0,0,0,0,0.31687200000000004,4,0,1
Lru,189,0,9,0,0,0,0,0.33748599999999995,5,3,1
Lru,185,4,11,0,0,0,0,0.31497200000000003,0,0,8
Lru,199,0,9,0,0,0,0,0.337487,2,4,1
Lru,198,0,7,0,0,0,0,0.31687200000000004,2,1,9
Lru,196,0,8,0,0,0,0,0.33730099999999996,3,5,1
Lru,202,0,7,0,0,0,0,0.31687200000000004,4,3,1
Lru,182,0,7,0,0,0,0,0.316871,4,5,8
Lru,613,1,9,0,0,0,0,0.33669099999999996,0,1,8
Lru,185,0,8,0,0,0,0,0.337298,4,3,1
Lru,183,0,7,0,0,0,0,0.31687200000000004,1,4,8
Lru,200,0,7,0,0,0,0,0.316871,4,4,1
Lru,209,0,7,0,0,0,0,0.316871,5,2,8
Lru,190,3,10,0,0,0,0,0.330997,0,0,1
Lru,186,0,7,0,0,0,0,0.316871,4,1,1
Lru,185,0,7,0,0,0,0,0.316871,4,1,8
Lru,184,0,7,0,0,0,0,0.316871,2,1,1
Lru,182,0,7,0,0,0,0,0.31687200000000004,2,3,8
Lru,208,0,8,0,0,0,0,0.337298,1,3,1
Lru,186,0,7,0,0,0,0,0.316871,0,5,1
Lru,214,0,7,0,0,0,0,0.31687200000000004,1,5,1
Lru,193,0,7,0,0,0,0,0.31687200000000004,1,4,1
Lru,179,0,7,0,0,0,0,0.316871,2,5,8
Lru,207,6,14,0,0,0,0,0.32504999999999995,0,0,1
Lru,189,0,9,0,0,0,0,0.33748599999999995,2,0,1
Lru,191,0,9,0,0,0,0,0.33748599999999995,4,5,1
Lru,183,0,9,0,0,0,0,0.33748599999999995,0,3,1
Lru,182,0,7,0,0,0,0,0.31687200000000004,3,3,1
Lru,197,6,14,0,0,0,0,0.35130399999999995,0,0,1
Lru,203,0,8,0,0,0,0,0.337299,2,0,8
Lru,349,0,9,0,0,0,0,0.33748500000000003,5,1,1
Lru,196,7,16,0,0,0,0,0.326376,0,0,9
Lru,188,0,7,0,0,0,0,0.316871,3,0,1
Lru,184,0,8,0,0,0,0,0.337299,4,4,1
Lru,297,0,7,0,0,0,0,0.31687200000000004,2,5,1
Lru,185,0,9,0,0,0,0,0.337487,4,4,1
Lru,184,0,7,0,0,0,0,0.316871,1,0,1
Lru,190,0,9,0,0,0,0,0.337487,0,3,9
Lru,191,0,8,0,0,0,0,0.337298,3,3,1
Lru,328,0,7,0,0,0,0,0.316871,1,1,1
Lru,192,0,7,0,0,0,0,0.31687200000000004,2,0,1
Lru,190,0,9,0,0,0,0,0.337488,0,4,8
Lru,291,0,7,0,0,0,0,0.31687200000000004,2,1,8
Lru,185,0,7,0,0,0,0,0.31687200000000004,4,0,1
Lru,196,0,7,0,0,0,0,0.316871,0,1,1
Lru,202,0,7,0,0,0,0,0.316871,0,2,1
Lru,220,0,9,0,0,0,0,0.33748599999999995,3,2,1
Lru,195,0,7,0,0,0,0,0.316871,1,4,1
Lru,193,0,7,0,0,0,0,0.31687200000000004,4,0,8
Lru,210,0,7,0,0,0,0,0.31687200000000004,5,0,1
Lru,188,0,8,0,0,0,0,0.337299,0,4,1
Lru,196,0,8,0,0,0,0,0.337338,5,4,1
Lru,280,0,7,0,0,0,0,0.31687200000000004,1,2,1
Lru,188,0,9,0,0,0,0,0.33748599999999995,0,2,1
Lru,207,0,7,0,0,0,0,0.31687200000000004,4,1,1
Lru,194,6,14,0,0,0,0,0.31273799999999996,0,0,1
Lru,184,0,7,0,0,0,0,0.31687200000000004,5,5,9
Lru,194,1,8,0,0,0,0,0.333827,0,1,1
Lru,300,0,7,0,0,0,0,0.31687200000000004,0,1,9
Lru,198,0,8,0,0,0,0,0.337299,3,2,1
Lru,142,0,9,0,0,0,0,0.337488,5,4,1
Lru,130,0,9,0,0,0,0,0.33748599999999995,5,2,1
Lru,184,0,9,0,0,0,0,0.337488,5,1,1
Lru,214,0,7,0,0,0,0,0.316871,4,5,1
Lru,191,0,7,0,0,0,0,0.316871,2,0,1
Lru,313,0,7,0,0,0,0,0.316871,0,5,1
Lru,183,0,7,0,0,0,0,0.31687200000000004,3,4,1
Lru,152,0,9,0,0,0,0,0.337487,5,4,8
Lru,189,0,8,0,0,0,0,0.336909,1,5,1
Lru2Q,116,0,8,0,0,0,0,0.323735,5,4,8
Lru2Q,118,0,9,0,0,0,0,0.324199,3,0,1
Lru2Q,134,0,9,0,0,0,0,0.324203,3,0,9
Lru2Q,141,0,9,0,0,0,0,0.32420099999999996,3,0,8
Lru2Q,141,0,9,0,0,0,0,0.324202,2,3,1
Lru2Q,118,0,9,0,0,0,0,0.32420000000000004,0,2,1
Lru2Q,135,0,9,0,0,0,0,0.324202,5,4,1
Lru2Q,302,0,9,0,0,0,0,0.324203,1,5,1
Lru2Q,273,0,8,0,0,0,0,0.32404299999999997,3,3,1
Lru2Q,126,5,14,0,0,0,0,0.319634,0,0,8
Lru2Q,121,0,9,0,0,0,0,0.32420000000000004,2,3,9
Lru2Q,203,0,9,0,0,0,0,0.32420000000000004,3,5,1
Lru2Q,148,0,9,0,0,0,0,0.32420400000000005,0,2,8
Lru2Q,123,0,9,0,0,0,0,0.32420099999999996,1,3,1
Lru2Q,129,0,9,0,0,0,0,0.324202,5,1,8
Lru2Q,304,0,9,0,0,0,0,0.32420000000000004,3,4,8
Lru2Q,119,0,9,0,0,0,0,0.324203,5,0,1
Lru2Q,148,0,9,0,0,0,0,0.32420099999999996,3,0,1
Lru2Q,158,0,9,0,0,0,0,0.324203,2,4,1
Lru2Q,119,0,9,0,0,0,0,0.324199,0,3,1
Lru2Q,157,0,9,0,0,0,0,0.324199,0,4,1
Lru2Q,126,0,9,0,0,0,0,0.32420099999999996,2,0,1
Lru2Q,166,0,8,0,0,0,0,0.323735,1,4,1
Lru2Q,122,0,9,0,0,0,0,0.32420000000000004,1,5,1
Lru2Q,118,0,9,0,0,0,0,0.324202,4,1,1
Lru2Q,123,0,8,0,0,0,0,0.32373300000000005,2,0,1
Lru2Q,463,0,9,0,0,0,0,0.324199,4,1,1
Lru2Q,125,0,9,0,0,0,0,0.324202,2,5,1
Lru2Q,129,0,8,0,0,0,0,0.32373399999999997,4,3,1
Lru2Q,117,3,11,0,0,0,0,0.304079,0,0,9
Lru2Q,154,0,9,0,0,0,0,0.324199,3,2,1
Lru2Q,141,0,9,0,0,0,0,0.324199,5,2,1
Lru2Q,123,1,9,0,0,0,0,0.323716,1,1,1
Lru2Q,129,0,9,0,0,0,0,0.324198,2,3,1
Lru2Q,155,0,9,0,0,0,0,0.324199,2,1,1
Lru2Q,121,0,9,0,0,0,0,0.32420099999999996,3,0,1
Lru2Q,118,0,8,0,0,0,0,0.323735,4,4,1
Lru2Q,126,0,8,0,0,0,0,0.323736,4,0,1
Lru2Q,122,0,9,0,0,0,0,0.32420000000000004,3,3,1
Lru2Q,157,0,8,0,0,0,0,0.323735,2,3,1
Lru2Q,116,0,8,0,0,0,0,0.32373700000000005,4,3,9
Lru2Q,119,0,9,0,0,0,0,0.324202,3,2,1
Lru2Q,270,0,7,0,0,0,0,0.303685,4,0,1
Lru2Q,123,0,9,0,0,0,0,0.32420099999999996,2,2,8
Lru2Q,120,0,9,0,0,0,0,0.32420099999999996,4,5,1
Lru2Q,122,0,9,0,0,0,0,0.324202,4,3,1
Lru2Q,129,0,9,0,0,0,0,0.324203,5,3,1
Lru2Q,123,0,8,0,0,0,0,0.323735,5,2,1
Lru2Q,118,1,9,0,0,0,0,0.32371700000000003,0,1,8
Lru2Q,136,1,9,0,0,0,0,0.30103599999999997,1,1,8
Lru2Q,118,0,8,0,0,0,0,0.323732,5,1,1
Lru2Q,390,0,9,0,0,0,0,0.324202,5,0,1
Lru2Q,130,0,9,0,0,0,0,0.32420400000000005,1,5,9
Lru2Q,119,0,8,0,0,0,0,0.323735,4,5,1
Lru2Q,127,0,9,0,0,0,0,0.324199,1,3,1
Lru2Q,118,0,8,0,0,0,0,0.32373399999999997,3,1,1
Lru2Q,129,0,9,0,0,0,0,0.324198,1,4,1
Lru2Q,112,0,7,0,0,0,0,0.303685,3,0,1
Lru2Q,120,0,8,0,0,0,0,0.323736,0,4,8
Lru2Q,116,1,9,0,0,0,0,0.301041,1,0,1
Lru2Q,121,0,9,0,0,0,0,0.324199,1,4,1
Lru2Q,117,0,9,0,0,0,0,0.324199,2,1,1
Lru2Q,116,0,9,0,0,0,0,0.324203,3,1,9
Lru2Q,117,0,8,0,0,0,0,0.323732,0,2,1
Lru2Q,118,0,7,0,0,0,0,0.303685,4,5,1
Lru2Q,117,0,8,0,0,0,0,0.323736,1,3,8
Lru2Q,122,0,9,0,0,0,0,0.324202,5,5,1
Lru2Q,126,1,9,0,0,0,0,0.32371700000000003,1,0,8
Lru2Q,119,0,8,0,0,0,0,0.323735,2,3,1
Lru2Q,120,1,9,0,0,0,0,0.32371799999999995,0,1,1
Lru2Q,116,0,8,0,0,0,0,0.32373399999999997,3,3,8
Lru2Q,215,0,7,0,0,0,0,0.30368399999999995,1,4,1
Lru2Q,121,0,8,0,0,0,0,0.32373399999999997,4,4,1
Lru2Q,117,1,9,0,0,0,0,0.30103599999999997,0,1,1
Lru2Q,135,0,9,0,0,0,0,0.324198,2,5,1
Lru2Q,132,0,9,0,0,0,0,0.324203,2,2,1
Lru2Q,113,0,9,0,0,0,0,0.324199,0,5,1
Lru2Q,132,0,9,0,0,0,0,0.324199,4,5,1
Lru2Q,382,0,9,0,0,0,0,0.324199,5,5,8
Lru2Q,120,0,9,0,0,0,0,0.32420000000000004,2,5,9
Lru2Q,125,1,9,0,0,0,0,0.32372,1,1,1
Lru2Q,136,0,9,0,0,0,0,0.32420000000000004,4,5,9
Lru2Q,129,0,9,0,0,0,0,0.324199,1,5,1
Lru2Q,128,0,9,0,0,0,0,0.32420000000000004,4,2,9
Lru2Q,443,0,7,0,0,0,0,0.30368300000000004,2,2,1
Lru2Q,124,0,9,0,0,0,0,0.324198,5,1,1
Lru2Q,121,0,9,0,0,0,0,0.324199,5,1,1
Lru2Q,116,0,8,0,0,0,0,0.32373700000000005,1,2,1
Lru2Q,122,0,9,0,0,0,0,0.324199,2,4,1
Lru2Q,117,0,8,0,0,0,0,0.323736,5,3,9
Lru2Q,128,0,9,0,0,0,0,0.324202,1,2,1
Lru2Q,118,0,9,0,0,0,0,0.324199,0,4,1
Lru2Q,305,0,9,0,0,0,0,0.324199,5,5,1
Lru2Q,120,0,8,0,0,0,0,0.323735,5,3,1
Lru2Q,120,0,9,0,0,0,0,0.324199,3,0,1
Lru2Q,120,0,9,0,0,0,0,0.324199,3,2,1
Lru2Q,118,0,8,0,0,0,0,0.32373300000000005,2,0,8
Lru2Q,141,0,9,0,0,0,0,0.32420099999999996,0,2,9
Lru2Q,287,1,8,0,0,0,0,0.30091,1,0,1
Lru2Q,116,0,8,0,0,0,0,0.32373399999999997,3,4,9
Lru2Q,191,0,7,0,0,0,0,0.30368399999999995,3,3,1
Lru2Q,133,0,9,0,0,0,0,0.324199,0,5,1
Lru2Q,184,0,7,0,0,0,0,0.30368300000000004,5,5,1
Lru2Q,282,0,8,0,0,0,0,0.32404299999999997,3,5,8
Lru2Q,124,0,9,0,0,0,0,0.32420099999999996,3,4,1
Lru2Q,193,6,14,0,0,0,0,0.302539,0,0,1
Lru2Q,250,0,9,0,0,0,0,0.324198,4,0,9
Lru2Q,192,0,9,0,0,0,0,0.32420099999999996,4,5,1
Lru2Q,185,0,7,0,0,0,0,0.30368399999999995,5,1,1
Lru2Q,190,0,9,0,0,0,0,0.324203,0,2,1
Lru2Q,202,0,9,0,0,0,0,0.324199,2,1,1
Lru2Q,191,0,7,0,0,0,0,0.30368399999999995,3,3,1
Lru2Q,182,0,7,0,0,0,0,0.30368399999999995,3,3,9
Lru2Q,209,0,9,0,0,0,0,0.32420400000000005,2,5,1
Lru2Q,199,0,7,0,0,0,0,0.303685,4,4,1
Lru2Q,193,0,7,0,0,0,0,0.303685,4,4,1
Lru2Q,191,0,7,0,0,0,0,0.30368399999999995,4,3,1
Lru2Q,216,0,9,0,0,0,0,0.324203,0,2,1
Lru2Q,190,0,7,0,0,0,0,0.30368399999999995,2,5,1
Lru2Q,205,0,9,0,0,0,0,0.32420000000000004,3,1,1
Lru2Q,217,0,7,0,0,0,0,0.30368399999999995,3,4,1
Lru2Q,197,0,9,0,0,0,0,0.324199,5,0,8
Lru2Q,183,0,9,0,0,0,0,0.324199,4,1,1
Lru2Q,194,0,7,0,0,0,0,0.303685,5,2,1
Lru2Q,204,0,9,0,0,0,0,0.32420400000000005,3,1,1
Lru2Q,203,0,9,0,0,0,0,0.324198,0,3,1
Lru2Q,202,0,9,0,0,0,0,0.324199,5,4,1
Lru2Q,193,0,7,0,0,0,0,0.30368399999999995,4,3,8
Lru2Q,388,0,9,0,0,0,0,0.324199,3,3,1
Lru2Q,196,0,7,0,0,0,0,0.30368399999999995,4,4,1
Lru2Q,183,0,7,0,0,0,0,0.30368399999999995,2,1,8
Lru2Q,485,0,8,0,0,0,0,0.32373399999999997,5,3,1
Lru2Q,188,0,7,0,0,0,0,0.30368399999999995,2,5,1
Lru2Q,188,0,8,0,0,0,0,0.32404299999999997,3,5,1
Lru2Q,351,0,8,0,0,0,0,0.324044,4,1,1
Lru2Q,202,0,9,0,0,0,0,0.324203,0,5,1
Lru2Q,200,0,9,0,0,0,0,0.324198,5,0,9
Lru2Q,205,0,9,0,0,0,0,0.32420099999999996,5,1,1
Lru2Q,192,7,14,0,0,0,0,0.318226,0,0,1
Lru2Q,184,0,7,0,0,0,0,0.30368399999999995,5,0,1
Lru2Q,212,0,7,0,0,0,0,0.30368399999999995,1,5,8
Lru2Q,191,0,7,0,0,0,0,0.303685,4,4,9
Lru2Q,207,3,10,0,0,0,0,0.31805399999999995,0,0,1
Lru2Q,191,1,8,0,0,0,0,0.303597,0,1,9
Lru2Q,194,0,9,0,0,0,0,0.324202,0,3,9
Lru2Q,189,0,7,0,0,0,0,0.30368399999999995,4,0,1
Lru2Q,613,0,7,0,0,0,0,0.303685,3,5,1
Lru2Q,182,0,7,0,0,0,0,0.30368399999999995,0,3,1
Lru2Q,189,0,7,0,0,0,0,0.30368399999999995,5,3,1
Lru2Q,192,0,7,0,0,0,0,0.30368399999999995,2,1,1
Lru2Q,179,0,7,0,0,0,0,0.30368399999999995,1,1,9
Lru2Q,193,1,9,0,0,0,0,0.322966,1,0,1
Lru2Q,193,0,7,0,0,0,0,0.30368399999999995,4,0,1
Lru2Q,187,0,9,0,0,0,0,0.32420000000000004,2,3,1
Lru2Q,184,0,7,0,0,0,0,0.30368399999999995,5,2,1
Lru2Q,194,0,9,0,0,0,0,0.32420099999999996,1,3,1
Lru2Q,182,0,7,0,0,0,0,0.30368399999999995,3,2,9
Lru2Q,189,0,9,0,0,0,0,0.324199,5,4,9
Lru2Q,462,1,9,0,0,0,0,0.30103800000000003,1,1,1
Lru2Q,256,1,9,0,0,0,0,0.30103899999999995,0,1,1
Lru2Q,188,0,7,0,0,0,0,0.30368399999999995,1,2,1
Lru2Q,223,0,9,0,0,0,0,0.32420000000000004,2,2,1
Lru2Q,184,0,7,0,0,0,0,0.30368399999999995,4,3,1
Lru2Q,378,0,8,0,0,0,0,0.32404299999999997,2,0,1
Lru2Q,199,0,7,0,0,0,0,0.30368399999999995,5,3,8
Lru2Q,184,0,9,0,0,0,0,0.32420400000000005,2,2,1
Lru2Q,205,0,7,0,0,0,0,0.30368399999999995,4,2,1
Lru2Q,188,0,7,0,0,0,0,0.303685,4,1,1
Lru2Q,194,0,9,0,0,0,0,0.324203,5,4,1
Lru2Q,196,0,7,0,0,0,0,0.303685,2,3,1
Lru2Q,188,0,7,0,0,0,0,0.30368399999999995,4,4,1
Lru2Q,211,0,7,0,0,0,0,0.30368399999999995,2,5,8
Lru2Q,193,0,8,0,0,0,0,0.32404200000000005,1,2,1
Lru2Q,192,0,7,0,0,0,0,0.30368399999999995,2,4,8
Lru2Q,190,0,7,0,0,0,0,0.30368399999999995,4,0,8
Lru2Q,196,0,9,0,0,0,0,0.32420000000000004,1,3,9
Lru2Q,590,0,7,0,0,0,0,0.303685,0,4,1
Lru2Q,185,0,7,0,0,0,0,0.303685,1,4,9
Lru2Q,384,0,8,0,0,0,0,0.324044,2,4,1
Lru2Q,192,1,9,0,0,0,0,0.30103500000000005,1,0,1
Lru2Q,205,0,9,0,0,0,0,0.32420000000000004,0,5,1
Lru2Q,190,1,9,0,0,0,0,0.301041,0,1,1
Lru2Q,202,3,10,0,0,0,0,0.31827300000000003,0,0,1
Lru2Q,184,0,7,0,0,0,0,0.30368399999999995,5,4,1
Lru2Q,301,0,8,0,0,0,0,0.32404299999999997,5,0,1
Lru2Q,187,0,7,0,0,0,0,0.30368399999999995,5,2,1
Lru2Q,181,0,7,0,0,0,0,0.30368399999999995,5,1,9
Lru2Q,188,0,7,0,0,0,0,0.30368399999999995,4,5,1
Lru2Q,193,0,7,0,0,0,0,0.30368399999999995,5,2,1
Lru2Q,205,0,9,0,0,0,0,0.324203,5,0,1
Lru2Q,193,0,9,0,0,0,0,0.324202,0,4,1
Lru2Q,191,0,7,0,0,0,0,0.30368399999999995,2,0,1
Lru2Q,193,0,7,0,0,0,0,0.30368399999999995,4,3,1
Lru2Q,197,0,9,0,0,0,0,0.324202,2,3,8
Lru2Q,183,0,7,0,0,0,0,0.303685,0,3,1
Lru2Q,213,0,9,0,0,0,0,0.324203,2,1,1
Lru2Q,390,0,9,0,0,0,0,0.32420000000000004,2,0,1
Lru2Q,199,0,9,0,0,0,0,0.32420000000000004,3,2,1
Lru2Q,192,0,9,0,0,0,0,0.32420099999999996,2,1,1
Lru2Q,192,0,9,0,0,0,0,0.324203,3,4,1
Lru2Q,193,0,8,0,0,0,0,0.32404299999999997,1,4,1
Lru2Q,199,0,9,0,0,0,0,0.32420000000000004,3,3,1
Lru2Q,186,0,7,0,0,0,0,0.30368399999999995,3,5,1
Lru2Q,185,0,7,0,0,0,0,0.303685,2,4,9
Lru2Q,196,0,7,0,0,0,0,0.30368399999999995,4,1,9
Lru2Q,285,0,9,0,0,0,0,0.324202,0,5,8
Lru2Q,194,0,8,0,0,0,0,0.32404299999999997,1,5,1
Lru2Q,216,0,7,0,0,0,0,0.30368399999999995,5,2,9
Lru2Q,195,0,8,0,0,0,0,0.32404200000000005,0,4,1
Lru2Q,198,0,9,0,0,0,0,0.324203,5,3,1
Lru2Q,391,9,16,0,0,0,0,0.317435,0,0,1
Lru2Q,193,0,9,0,0,0,0,0.324203,5,3,1
Lru2Q,190,0,7,0,0,0,0,0.30368399999999995,4,1,1
Lru2Q,200,1,9,0,0,0,0,0.30103899999999995,1,1,1
Lru2Q,194,0,9,0,0,0,0,0.324199,1,3,1
Lru2Q,192,0,9,0,0,0,0,0.324198,0,5,9
Lru2Q,197,0,7,0,0,0,0,0.30368399999999995,3,5,1
Lru2Q,624,0,7,0,0,0,0,0.30368399999999995,5,0,1
Lru2Q,188,0,9,0,0,0,0,0.32420099999999996,1,2,9
Lru2Q,494,0,8,0,0,0,0,0.324045,5,5,1
Lru2Q,204,0,9,0,0,0,0,0.32420400000000005,2,2,1
Lru2Q,194,1,9,0,0,0,0,0.301041,1,1,1
Lru2Q,194,0,7,0,0,0,0,0.30368399999999995,1,4,1
Lru2Q,194,0,8,0,0,0,0,0.32404299999999997,4,2,8
Lru2Q,202,0,8,0,0,0,0,0.32404200000000005,0,2,1
Lru2Q,194,0,9,0,0,0,0,0.324199,4,2,1
Lru2Q,184,0,7,0,0,0,0,0.30368399999999995,4,2,1
Lru2Q,210,0,9,0,0,0,0,0.324202,3,2,8
Lru2Q,194,0,9,0,0,0,0,0.324203,4,2,1
Lru2Q,195,0,9,0,0,0,0,0.324198,5,5,1
Lru2Q,197,0,8,0,0,0,0,0.324044,0,4,9
Lru2Q,195,0,7,0,0,0,0,0.30368399999999995,2,0,9
Lru2Q,189,0,7,0,0,0,0,0.30368399999999995,4,2,1
Lru2Q,196,0,9,0,0,0,0,0.324202,5,1,1
Lru2Q,229,0,9,0,0,0,0,0.32420099999999996,1,4,8
Lru2Q,185,0,7,0,0,0,0,0.30368399999999995,0,5,1
Lru2Q,196,0,7,0,0,0,0,0.30368399999999995,1,2,1
Lru2Q,193,0,8,0,0,0,0,0.32404299999999997,3,2,1
Lru2Q,199,0,9,0,0,0,0,0.324203,3,1,1
Lru2Q,201,6,14,0,0,0,0,0.31938200000000005,0,0,1
Lru2Q,191,0,7,0,0,0,0,0.30368399999999995,1,3,1
Lru2Q,192,1,9,0,0,0,0,0.322967,1,0,1
Lru2Q,194,0,9,0,0,0,0,0.324202,4,0,1
Lru2Q,196,0,7,0,0,0,0,0.30368399999999995,0,3,8
Lru2Q,185,0,7,0,0,0,0,0.30368399999999995,3,1,1
Lru2Q,192,0,9,0,0,0,0,0.324199,3,5,9
Lru2Q,383,0,8,0,0,0,0,0.32404,3,5,1
Lru2Q,198,0,9,0,0,0,0,0.32420099999999996,4,0,1
Lru2Q,213,0,7,0,0,0,0,0.30368399999999995,2,2,1
Lru2Q,192,0,9,0,0,0,0,0.324198,4,5,8
Lru2Q,154,0,9,0,0,0,0,0.324203,4,1,8
Lru2Q,198,0,7,0,0,0,0,0.30368399999999995,0,2,1
Lru2Q,185,0,7,0,0,0,0,0.30368399999999995,0,4,1
Lru2Q,197,0,9,0,0,0,0,0.32420000000000004,1,2,8
Lru2Q,190,0,9,0,0,0,0,0.324202,2,1,9
Lru2Q,190,0,7,0,0,0,0,0.303685,2,0,1
Lru2Q,333,0,7,0,0,0,0,0.30368399999999995,1,3,1
Lru2Q,193,0,7,0,0,0,0,0.30368399999999995,1,0,1
Lru2Q,199,0,7,0,0,0,0,0.30368399999999995,4,4,8
Lru2Q,177,0,8,0,0,0,0,0.324041,2,4,1
Lru2Q,200,0,7,0,0,0,0,0.30368399999999995,3,2,1
Lru2Q,187,0,7,0,0,0,0,0.303685,3,4,1
Lru2Q,190,0,7,0,0,0,0,0.303685,1,0,9
Lru2Q,199,0,7,0,0,0,0,0.30368399999999995,0,5,1
Lru2Q,211,0,7,0,0,0,0,0.303685,5,5,1
Lru2Q,195,0,7,0,0,0,0,0.30368399999999995,5,5,9
Lru2Q,196,0,8,0,0,0,0,0.32404299999999997,4,3,1
Lru2Q,198,0,9,0,0,0,0,0.32420099999999996,3,1,8
Lru2Q,203,1,9,0,0,0,0,0.32060999999999995,0,1,1
Lru2Q,184,0,8,0,0,0,0,0.32404200000000005,0,3,1
Lru2Q,194,1,9,0,0,0,0,0.32374499999999995,0,1,1
Lru2Q,194,0,9,0,0,0,0,0.32420000000000004,2,2,9
Lru2Q,200,0,8,0,0,0,0,0.32373300000000005,2,4,1
Lru2Q,197,0,7,0,0,0,0,0.30368399999999995,5,4,1
Lru2Q,194,0,9,0,0,0,0,0.324198,3,1,1
Lru2Q,187,0,7,0,0,0,0,0.30368399999999995,0,3,1
Lru2Q,118,0,8,0,0,0,0,0.323732,1,5,1
Lru2Q,116,0,9,0,0,0,0,0.32420000000000004,3,4,1
Lru2Q,194,0,7,0,0,0,0,0.30368399999999995,1,2,1
Lru2Q,187,0,7,0,0,0,0,0.30368399999999995,2,5,1
Lru2Q,186,0,7,0,0,0,0,0.303685,3,4,1
Lru2Q,223,0,9,0,0,0,0,0.32420400000000005,2,4,1
Lru2Q,191,0,7,0,0,0,0,0.30368399999999995,3,0,1
Lru2Q,169,0,9,0,0,0,0,0.324202,4,2,1
Lru2Q,187,0,7,0,0,0,0,0.30368399999999995,1,1,1
Lru2Q,205,0,9,0,0,0,0,0.324199,5,4,1
Lru2Q,189,0,7,0,0,0,0,0.303685,5,2,8
Lru2Q,644,0,8,0,0,0,0,0.32404299999999997,1,5,1
TinyLFU,160,0,9,0,0,0,0,0.32236200000000004,3,3,1
TinyLFU,139,0,9,0,0,0,0,0.32236699999999996,3,4,1
TinyLFU,507,0,8,0,0,0,0,0.322658,3,3,1
TinyLFU,157,0,9,0,0,0,0,0.322357,0,3,1
TinyLFU,324,0,7,0,0,0,0,0.30467599999999995,4,4,1
TinyLFU,137,0,9,0,0,0,0,0.32235100000000005,4,3,1
TinyLFU,140,0,9,0,0,0,0,0.322377,2,4,1
TinyLFU,140,0,9,0,0,0,0,0.32234300000000005,2,3,9
TinyLFU,138,0,8,0,0,0,0,0.322248,2,1,9
TinyLFU,140,0,9,0,0,0,0,0.322377,3,5,1
TinyLFU,230,0,9,0,0,0,0,0.32237400000000005,3,5,1
TinyLFU,157,5,14,0,0,0,0,0.33721100000000004,0,0,9
TinyLFU,162,0,8,0,0,0,0,0.322264,5,0,1
TinyLFU,140,0,8,0,0,0,0,0.32225800000000004,3,3,1
TinyLFU,143,0,9,0,0,0,0,0.322338,0,2,1
TinyLFU,138,0,9,0,0,0,0,0.32236,2,2,9
TinyLFU,184,0,9,0,0,0,0,0.32235,0,3,1
TinyLFU,497,0,9,0,0,0,0,0.32238100000000003,2,0,1
TinyLFU,155,0,9,0,0,0,0,0.32234799999999997,4,4,9
TinyLFU,138,1,9,0,0,0,0,0.29476199999999997,0,1,1
TinyLFU,139,0,9,0,0,0,0,0.32238,2,2,1
TinyLFU,143,0,9,0,0,0,0,0.32235,4,5,9
TinyLFU,356,1,9,0,0,0,0,0.32158699999999996,0,1,1
TinyLFU,146,0,9,0,0,0,0,0.32236600000000004,2,4,1
TinyLFU,368,0,8,0,0,0,0,0.32264800000000005,5,3,1
TinyLFU,146,0,9,0,0,0,0,0.322361,2,4,1
TinyLFU,140,0,8,0,0,0,0,0.32226,3,2,1
TinyLFU,149,0,9,0,0,0,0,0.32236600000000004,5,1,1
TinyLFU,151,0,9,0,0,0,0,0.322376,0,5,1
TinyLFU,159,0,9,0,0,0,0,0.322361,4,0,1
TinyLFU,353,0,9,0,0,0,0,0.322349,1,5,1
TinyLFU,360,0,8,0,0,0,0,0.322677,0,4,1
TinyLFU,141,0,8,0,0,0,0,0.322229,0,2,8
TinyLFU,138,0,8,0,0,0,0,0.322261,3,0,9
TinyLFU,161,0,9,0,0,0,0,0.32236,2,0,1
TinyLFU,141,0,9,0,0,0,0,0.322388,2,1,1
TinyLFU,221,0,9,0,0,0,0,0.32235499999999995,4,4,8
TinyLFU,169,0,9,0,0,0,0,0.322357,0,5,1
TinyLFU,143,0,9,0,0,0,0,0.32239300000000004,1,5,8
TinyLFU,154,0,9,0,0,0,0,0.322377,2,0,9
TinyLFU,144,5,13,0,0,0,0,0.317369,0,0,1
TinyLFU,141,0,8,0,0,0,0,0.32226699999999997,2,4,1
TinyLFU,150,1,9,0,0,0,0,0.294632,1,0,1
TinyLFU,161,0,9,0,0,0,0,0.32234700000000005,1,3,1
TinyLFU,141,0,9,0,0,0,0,0.322376,5,1,1
TinyLFU,148,0,9,0,0,0,0,0.322368,3,1,9
TinyLFU,144,0,9,0,0,0,0,0.32237000000000005,4,5,1
TinyLFU,147,0,9,0,0,0,0,0.322388,4,1,1
TinyLFU,141,0,8,0,0,0,0,0.322245,1,2,1
TinyLFU,153,0,8,0,0,0,0,0.322256,5,3,1
TinyLFU,164,0,9,0,0,0,0,0.322376,5,1,8
TinyLFU,364,1,9,0,0,0,0,0.32230099999999995,1,1,1
TinyLFU,165,0,9,0,0,0,0,0.32237800000000005,3,0,1
TinyLFU,140,0,9,0,0,0,0,0.322365,0,4,1
TinyLFU,149,0,9,0,0,0,0,0.32235499999999995,0,5,1
TinyLFU,177,0,9,0,0,0,0,0.322345,5,2,1
TinyLFU,142,0,8,0,0,0,0,0.32225800000000004,2,2,1
TinyLFU,156,0,9,0,0,0,0,0.322369,2,3,1
TinyLFU,178,0,8,0,0,0,0,0.322666,1,4,1
TinyLFU,162,0,8,0,0,0,0,0.322275,1,1,8
TinyLFU,161,0,9,0,0,0,0,0.32237000000000005,2,5,1
TinyLFU,160,0,9,0,0,0,0,0.322365,4,4,1
TinyLFU,144,0,9,0,0,0,0,0.322364,4,4,1
TinyLFU,520,0,7,0,0,0,0,0.30467599999999995,2,2,1
TinyLFU,135,0,9,0,0,0,0,0.32235899999999995,3,3,1
TinyLFU,165,0,9,0,0,0,0,0.32235,3,0,1
TinyLFU,343,0,9,0,0,0,0,0.32237099999999996,4,5,1
TinyLFU,186,0,9,0,0,0,0,0.32236200000000004,2,2,1
TinyLFU,141,0,8,0,0,0,0,0.322269,5,5,9
TinyLFU,140,0,8,0,0,0,0,0.322249,3,4,8
TinyLFU,143,0,9,0,0,0,0,0.32235499999999995,0,4,1
TinyLFU,148,5,13,0,0,0,0,0.309416,0,0,1
TinyLFU,138,0,9,0,0,0,0,0.322373,4,1,1
TinyLFU,136,0,7,0,0,0,0,0.30467500000000003,1,4,1
TinyLFU,147,0,9,0,0,0,0,0.32236200000000004,0,4,1
TinyLFU,145,0,9,0,0,0,0,0.32237499999999997,2,3,1
TinyLFU,158,0,9,0,0,0,0,0.32233199999999995,2,3,1
TinyLFU,156,0,8,0,0,0,0,0.322272,2,5,1
TinyLFU,146,0,9,0,0,0,0,0.322364,4,1,9
TinyLFU,143,0,9,0,0,0,0,0.32236699999999996,3,1,8
TinyLFU,137,0,9,0,0,0,0,0.32235800000000003,1,3,9
TinyLFU,150,1,9,0,0,0,0,0.294594,0,1,1
TinyLFU,139,0,9,0,0,0,0,0.32238900000000004,3,4,9
TinyLFU,145,0,8,0,0,0,0,0.322287,3,1,1
TinyLFU,157,0,9,0,0,0,0,0.32235199999999997,4,5,1
TinyLFU,562,0,9,0,0,0,0,0.32237899999999997,2,0,1
TinyLFU,139,0,8,0,0,0,0,0.322233,5,3,9
TinyLFU,146,0,9,0,0,0,0,0.322356,1,2,1
TinyLFU,132,0,7,0,0,0,0,0.30467599999999995,5,3,1
TinyLFU,692,0,9,0,0,0,0,0.322356,3,2,8
TinyLFU,135,0,8,0,0,0,0,0.322279,2,0,1
TinyLFU,184,0,9,0,0,0,0,0.322373,3,1,1
TinyLFU,159,0,9,0,0,0,0,0.322369,3,0,8
TinyLFU,153,0,8,0,0,0,0,0.322279,1,5,1
TinyLFU,512,1,9,0,0,0,0,0.322268,1,0,9
TinyLFU,143,0,9,0,0,0,0,0.322365,0,5,1
TinyLFU,144,0,9,0,0,0,0,0.32235800000000003,3,3,1
TinyLFU,155,0,9,0,0,0,0,0.32237499999999997,0,5,9
TinyLFU,138,0,9,0,0,0,0,0.32237000000000005,2,4,9
TinyLFU,158,0,9,0,0,0,0,0.32237800000000005,4,2,1
TinyLFU,553,0,8,0,0,0,0,0.32264800000000005,0,3,9
TinyLFU,170,0,9,0,0,0,0,0.32237499999999997,4,2,1
TinyLFU,155,0,9,0,0,0,0,0.32235800000000003,5,2,1
TinyLFU,156,0,8,0,0,0,0,0.322221,5,3,8
TinyLFU,136,0,9,0,0,0,0,0.32235199999999997,0,2,1
TinyLFU,202,0,8,0,0,0,0,0.322248,5,2,1
TinyLFU,154,0,9,0,0,0,0,0.32237400000000005,1,3,1
TinyLFU,139,0,9,0,0,0,0,0.32236699999999996,4,1,1
TinyLFU,253,0,9,0,0,0,0,0.322377,2,1,1
TinyLFU,247,0,9,0,0,0,0,0.322345,2,3,1
TinyLFU,136,0,9,0,0,0,0,0.32237499999999997,5,1,1
TinyLFU,229,0,8,0,0,0,0,0.322283,1,2,1
TinyLFU,227,0,7,0,0,0,0,0.304678,1,2,8
TinyLFU,251,0,9,0,0,0,0,0.322345,2,5,1
TinyLFU,223,0,7,0,0,0,0,0.30467599999999995,0,4,1
TinyLFU,249,0,7,0,0,0,0,0.30467599999999995,4,3,1
TinyLFU,228,0,9,0,0,0,0,0.322361,0,5,1
TinyLFU,604,0,9,0,0,0,0,0.322353,0,3,1
TinyLFU,225,0,7,0,0,0,0,0.30467500000000003,0,2,9
TinyLFU,707,0,7,0,0,0,0,0.30467599999999995,4,2,8
TinyLFU,229,0,7,0,0,0,0,0.30467599999999995,3,1,1
TinyLFU,242,0,9,0,0,0,0,0.32236,4,0,1
TinyLFU,167,0,9,0,0,0,0,0.322373,0,2,1
TinyLFU,191,0,9,0,0,0,0,0.32233599999999996,1,5,1
TinyLFU,220,3,10,0,0,0,0,0.31526299999999996,0,0,1
TinyLFU,223,0,7,0,0,0,0,0.30467500000000003,0,2,1
TinyLFU,222,0,7,0,0,0,0,0.30467599999999995,4,0,8
TinyLFU,219,0,7,0,0,0,0,0.30467599999999995,5,2,1
TinyLFU,232,0,7,0,0,0,0,0.30467599999999995,2,3,1
TinyLFU,229,1,9,0,0,0,0,0.29464599999999996,1,0,1
TinyLFU,231,0,7,0,0,0,0,0.30467500000000003,4,3,9
TinyLFU,266,0,9,0,0,0,0,0.32235800000000003,1,3,1
TinyLFU,233,0,9,0,0,0,0,0.32234300000000005,3,1,1
TinyLFU,236,0,8,0,0,0,0,0.32264899999999996,0,2,1
TinyLFU,222,0,7,0,0,0,0,0.30467599999999995,0,3,1
TinyLFU,240,0,8,0,0,0,0,0.32264400000000004,3,4,1
TinyLFU,231,0,9,0,0,0,0,0.322369,3,2,1
TinyLFU,232,0,9,0,0,0,0,0.322346,4,1,1
TinyLFU,368,0,9,0,0,0,0,0.32239300000000004,4,0,1
TinyLFU,224,0,7,0,0,0,0,0.30467500000000003,5,3,1
TinyLFU,526,0,7,0,0,0,0,0.30467599999999995,3,3,8
TinyLFU,229,0,9,0,0,0,0,0.32235199999999997,3,0,1
TinyLFU,452,0,8,0,0,0,0,0.322662,5,3,1
TinyLFU,362,0,8,0,0,0,0,0.32267500000000005,4,1,1
TinyLFU,361,0,8,0,0,0,0,0.322654,5,1,1
TinyLFU,237,0,9,0,0,0,0,0.32237400000000005,5,5,1
TinyLFU,257,6,13,0,0,0,0,0.317717,0,0,1
TinyLFU,226,0,8,0,0,0,0,0.322665,4,0,1
TinyLFU,217,6,14,0,0,0,0,0.28947900000000004,0,0,1
TinyLFU,227,0,7,0,0,0,0,0.304674,4,4,1
TinyLFU,428,0,7,0,0,0,0,0.30467599999999995,4,2,1
TinyLFU,228,0,8,0,0,0,0,0.322658,3,1,1
TinyLFU,234,0,7,0,0,0,0,0.30467599999999995,0,2,1
TinyLFU,229,0,7,0,0,0,0,0.30467599999999995,5,5,1
TinyLFU,524,0,7,0,0,0,0,0.30467500000000003,3,5,8
TinyLFU,225,0,7,0,0,0,0,0.30467500000000003,2,0,1
TinyLFU,217,0,7,0,0,0,0,0.30467599999999995,4,1,1
TinyLFU,351,0,8,0,0,0,0,0.322661,2,4,1
TinyLFU,222,0,7,0,0,0,0,0.304677,5,0,8
TinyLFU,230,0,7,0,0,0,0,0.30467500000000003,4,3,1
TinyLFU,220,0,7,0,0,0,0,0.30467599999999995,3,1,1
TinyLFU,220,0,7,0,0,0,0,0.30467500000000003,5,5,1
TinyLFU,352,0,7,0,0,0,0,0.30467599999999995,3,0,1
TinyLFU,228,0,7,0,0,0,0,0.30467599999999995,1,4,1
TinyLFU,231,0,7,0,0,0,0,0.30467599999999995,3,3,1
TinyLFU,239,0,9,0,0,0,0,0.32239300000000004,5,5,1
TinyLFU,368,0,9,0,0,0,0,0.32238,5,0,1
TinyLFU,574,0,8,0,0,0,0,0.322665,5,3,1
TinyLFU,248,0,9,0,0,0,0,0.322384,5,4,1
TinyLFU,224,0,7,0,0,0,0,0.30467599999999995,1,4,1
TinyLFU,232,0,7,0,0,0,0,0.304674,2,2,8
TinyLFU,369,4,11,0,0,0,0,0.290728,0,0,8
TinyLFU,228,0,9,0,0,0,0,0.322377,3,4,1
TinyLFU,231,0,7,0,0,0,0,0.304674,1,4,8
TinyLFU,228,1,9,0,0,0,0,0.294628,1,0,1
TinyLFU,224,0,7,0,0,0,0,0.30467500000000003,2,0,8
TinyLFU,229,0,7,0,0,0,0,0.30467500000000003,0,1,9
TinyLFU,220,0,7,0,0,0,0,0.304678,2,2,1
TinyLFU,235,0,7,0,0,0,0,0.30467599999999995,3,4,1
TinyLFU,223,0,7,0,0,0,0,0.30467500000000003,4,3,8
TinyLFU,240,0,9,0,0,0,0,0.32237099999999996,0,4,1
TinyLFU,225,0,7,0,0,0,0,0.30467599999999995,3,3,9
TinyLFU,241,1,9,0,0,0,0,0.294594,1,0,1
TinyLFU,225,0,7,0,0,0,0,0.304674,1,1,1
TinyLFU,259,0,7,0,0,0,0,0.304677,1,0,1
TinyLFU,222,0,7,0,0,0,0,0.30467500000000003,1,5,1
TinyLFU,354,0,9,0,0,0,0,0.32233999999999996,3,4,1
TinyLFU,224,0,9,0,0,0,0,0.32236299999999996,5,0,1
TinyLFU,231,0,9,0,0,0,0,0.322395,3,5,1
TinyLFU,232,0,7,0,0,0,0,0.30467599999999995,4,5,1
TinyLFU,227,0,7,0,0,0,0,0.304677,1,5,9
TinyLFU,239,0,7,0,0,0,0,0.30467500000000003,5,5,1
TinyLFU,230,0,9,0,0,0,0,0.32235899999999995,5,1,1
TinyLFU,236,1,8,0,0,0,0,0.304592,0,1,1
TinyLFU,238,0,7,0,0,0,0,0.30467500000000003,2,1,1
TinyLFU,211,0,7,0,0,0,0,0.30467500000000003,0,4,9
TinyLFU,234,0,8,0,0,0,0,0.322654,1,3,1
TinyLFU,240,0,7,0,0,0,0,0.30467500000000003,0,3,8
TinyLFU,547,0,8,0,0,0,0,0.322627,2,5,9
TinyLFU,238,0,7,0,0,0,0,0.30467599999999995,3,5,1
TinyLFU,229,0,7,0,0,0,0,0.304677,4,0,1
TinyLFU,228,0,7,0,0,0,0,0.30467599999999995,1,2,1
TinyLFU,228,0,8,0,0,0,0,0.322666,4,2,1
TinyLFU,225,0,9,0,0,0,0,0.32237800000000005,3,5,1
TinyLFU,266,5,13,0,0,0,0,0.32213099999999995,0,0,1
TinyLFU,230,0,9,0,0,0,0,0.32234799999999997,5,0,1
TinyLFU,267,1,9,0,0,0,0,0.294597,1,0,8
TinyLFU,228,0,8,0,0,0,0,0.322661,2,2,1
TinyLFU,259,0,7,0,0,0,0,0.30467500000000003,5,1,9
TinyLFU,243,0,9,0,0,0,0,0.322356,5,2,1
TinyLFU,223,0,7,0,0,0,0,0.30467500000000003,4,0,9
TinyLFU,241,0,9,0,0,0,0,0.32235899999999995,4,4,1
TinyLFU,227,0,7,0,0,0,0,0.30467599999999995,2,0,1
TinyLFU,239,0,9,0,0,0,0,0.322353,4,0,1
TinyLFU,234,0,9,0,0,0,0,0.32238,1,3,1
TinyLFU,244,0,9,0,0,0,0,0.322357,3,5,1
TinyLFU,226,0,8,0,0,0,0,0.32264099999999996,3,2,9
TinyLFU,466,0,8,0,0,0,0,0.32265999999999995,5,4,9
TinyLFU,221,0,7,0,0,0,0,0.30467599999999995,5,4,8
TinyLFU,238,0,9,0,0,0,0,0.322357,3,2,1
TinyLFU,235,0,9,0,0,0,0,0.32234700000000005,4,2,1
TinyLFU,247,0,7,0,0,0,0,0.30467599999999995,0,4,8
TinyLFU,228,0,7,0,0,0,0,0.30467500000000003,2,4,8
TinyLFU,233,0,9,0,0,0,0,0.322361,5,4,1
TinyLFU,226,0,7,0,0,0,0,0.30467500000000003,1,1,1
TinyLFU,228,0,8,0,0,0,0,0.322634,1,5,1
TinyLFU,360,0,8,0,0,0,0,0.32264800000000005,0,5,8
TinyLFU,192,0,9,0,0,0,0,0.322365,5,0,9
TinyLFU,219,0,7,0,0,0,0,0.304677,4,5,1
TinyLFU,235,0,9,0,0,0,0,0.32238900000000004,1,5,1
TinyLFU,219,0,7,0,0,0,0,0.30467500000000003,4,3,1
TinyLFU,225,0,7,0,0,0,0,0.30467599999999995,4,2,1
TinyLFU,242,0,8,0,0,0,0,0.32264400000000004,4,5,8
TinyLFU,224,0,8,0,0,0,0,0.32263600000000003,4,5,1
TinyLFU,234,0,7,0,0,0,0,0.30467500000000003,5,0,1
TinyLFU,257,0,9,0,0,0,0,0.322368,1,4,1
TinyLFU,253,1,8,0,0,0,0,0.321835,0,1,8
TinyLFU,225,0,9,0,0,0,0,0.32238199999999995,3,2,1
TinyLFU,418,0,7,0,0,0,0,0.30467599999999995,2,3,1
TinyLFU,231,0,9,0,0,0,0,0.32236699999999996,2,1,1
TinyLFU,229,0,7,0,0,0,0,0.30467500000000003,3,0,1
TinyLFU,252,0,9,0,0,0,0,0.322365,5,1,1
TinyLFU,250,0,7,0,0,0,0,0.30467500000000003,0,1,1
TinyLFU,229,0,7,0,0,0,0,0.30467599999999995,2,5,1
TinyLFU,231,0,7,0,0,0,0,0.30467500000000003,1,3,8
TinyLFU,247,0,9,0,0,0,0,0.322368,1,3,1
TinyLFU,257,1,9,0,0,0,0,0.322245,1,1,1
TinyLFU,244,0,9,0,0,0,0,0.322356,0,3,1
TinyLFU,347,0,8,0,0,0,0,0.322271,2,1,1
TinyLFU,235,0,7,0,0,0,0,0.30467299999999997,2,5,1
TinyLFU,223,0,7,0,0,0,0,0.304674,0,5,1
TinyLFU,227,0,8,0,0,0,0,0.322642,4,1,8
TinyLFU,572,0,8,0,0,0,0,0.32264400000000004,5,4,1
TinyLFU,232,0,7,0,0,0,0,0.30467500000000003,2,3,8
TinyLFU,238,0,9,0,0,0,0,0.322342,5,4,1
TinyLFU,228,0,7,0,0,0,0,0.304674,0,3,1
TinyLFU,252,0,9,0,0,0,0,0.32237899999999997,1,2,1
TinyLFU,239,0,9,0,0,0,0,0.32236299999999996,3,5,9
TinyLFU,742,0,8,0,0,0,0,0.322279,4,3,1
TinyLFU,229,0,7,0,0,0,0,0.30467500000000003,5,4,1
TinyLFU,230,0,7,0,0,0,0,0.30467599999999995,4,4,1
TinyLFU,374,0,9,0,0,0,0,0.322364,3,2,1
TinyLFU,224,0,7,0,0,0,0,0.304677,5,0,1
TinyLFU,251,1,9,0,0,0,0,0.32223599999999997,0,1,1
TinyLFU,235,0,9,0,0,0,0,0.32237400000000005,1,2,9
TinyLFU,235,0,7,0,0,0,0,0.30467599999999995,1,1,1
TinyLFU,581,0,7,0,0,0,0,0.30467500000000003,5,2,9
TinyLFU,222,0,7,0,0,0,0,0.30467500000000003,1,0,1
TinyLFU,263,0,8,0,0,0,0,0.32267900000000005,2,1,1
TinyLFU,236,0,8,0,0,0,0,0.322248,5,2,1
TinyLFU,228,0,7,0,0,0,0,0.304677,3,2,1
TinyLFU,238,0,7,0,0,0,0,0.30467599999999995,1,4,1
TinyLFU,229,0,8,0,0,0,0,0.32267599999999996,1,4,9
TinyLFU,244,0,9,0,0,0,0,0.322368,2,5,1
TinyLFU,544,0,8,0,0,0,0,0.322639,5,5,8
TinyLFU,250,1,9,0,0,0,0,0.32227300000000003,1,1,9
TinyLFU,225,0,9,0,0,0,0,0.322369,5,2,8
TinyLFU,232,0,9,0,0,0,0,0.322368,3,0,1
TinyLFU,239,0,9,0,0,0,0,0.32238100000000003,5,4,1
TinyLFU,247,0,7,0,0,0,0,0.304674,1,2,1
TinyLFU,254,0,7,0,0,0,0,0.30467599999999995,3,4,1
TinyLFU,253,0,9,0,0,0,0,0.322361,2,4,1
TinyLFU,203,0,7,0,0,0,0,0.304677,4,2,9
TinyLFU,232,0,7,0,0,0,0,0.30467599999999995,2,5,8
TinyLFU,220,0,9,0,0,0,0,0.322357,4,3,1
TinyLFU,248,0,8,0,0,0,0,0.32268600000000003,5,5,1
TinyLFU,243,0,9,0,0,0,0,0.32233500000000004,2,1,8
TinyLFU,234,0,8,0,0,0,0,0.322287,1,1,1
